,word
1,erase
2,passion
3,fact
4,tth
5,into
6,loosing
7,undownloaded
8,running
9,bearable
10,country
11,nobody
12,neat
13,contemplating
14,click
15,encounter
16,messed
17,quickly
18,ðÿº
19,session
20,party
21,venue
22,above
23,round
24,hype
25,disconnecting
26,irresponsible
27,increasing
28,transfer
29,hardware
30,cover
31,excellent
32,debit
33,sporify
34,bike
35,effective
36,better
37,authentication
38,strange
39,sincerely
40,calling
41,afford
42,unexpectedly
43,remedy
44,remix
45,hella
46,prem
47,vehicle
48,study
49,explanation
50,using
51,spin
52,racial
53,waste
54,irrelevant
55,owner
56,patience
57,shop
58,caused
59,payment
60,hai
61,short
62,dissappointed
63,wonderful
64,onto
65,cable
66,laugh
67,filling
68,browser
69,organized
70,supporter
71,calming
72,unistalling
73,chooses
74,page
75,translation
76,unhappy
77,ii
78,gladly
79,convenient
80,capacity
81,disinformation
82,unliked
83,â
84,word
85,ganna
86,simpler
87,doe
88,tapping
89,loading
90,complex
91,made
92,shuffled
93,savvy
94,premiumðÿ
95,engage
96,loos
97,discontinue
98,dealing
99,shifted
100,later
101,identify
102,improvement
103,aggravating
104,worst
105,middle
106,learning
107,per
108,issue
109,reply
110,master
111,bug
112,clicked
113,via
114,bahut
115,ease
116,enjoyable
117,take
118,survive
119,center
120,hungry
121,instruction
122,locally
123,arrange
124,impossible
125,stale
126,might
127,television
128,introduced
129,nice
130,hifi
131,fed
132,excuse
133,ã
134,most
135,sided
136,meaning
137,boy
138,cap
139,ill
140,mile
141,unhide
142,satisfy
143,hearing
144,easy
145,spotifyðÿ
146,korea
147,bloatware
148,avalible
149,killing
150,knowing
151,pray
152,complaining
153,totally
154,pandemic
155,closer
156,old
157,plus
158,beta
159,uploaded
160,amazingly
161,nostalgic
162,holder
163,beg
164,tom
165,slick
166,âºï
167,recover
168,bear
169,conclusion
170,check
171,audiophile
172,recorded
173,gud
174,rd
175,open
176,terrible
177,ðÿðÿðÿ
178,fake
179,abysmal
180,moved
181,blowing
182,assurance
183,body
184,business
185,treat
186,sketchy
187,grid
188,bus
189,typically
190,iv
191,plenty
192,scummy
193,friend
194,forcing
195,firstly
196,yes
197,blocked
198,repeat
199,trick
200,building
201,died
202,l
203,final
204,goodbut
205,justin
206,cancellation
207,lockscreen
208,arabic
209,pic
210,surprising
211,assistance
212,ugly
213,miss
214,perform
215,face
216,impact
217,zero
218,else
219,distinct
220,ðÿ
221,de
222,progressively
223,delay
224,roll
225,music
226,frustrated
227,underground
228,sure
229,ship
230,stole
231,coffee
232,class
233,pity
234,classical
235,avoid
236,while
237,interact
238,continuously
239,undo
240,hello
241,enjoyment
242,artwork
243,spotofy
244,an
245,portion
246,implemented
247,blah
248,waze
249,screwing
250,bring
251,dropped
252,nest
253,nowadays
254,separate
255,hurt
256,crash
257,importantly
258,tamil
259,matter
260,lucky
261,permanent
262,vote
263,is
264,incorrect
265,single
266,late
267,rogan
268,guide
269,grab
270,reverted
271,tge
272,occurring
273,lit
274,horse
275,ti
276,drawback
277,expired
278,june
279,organization
280,rendered
281,die
282,nigeria
283,simple
284,hardly
285,replaying
286,digital
287,unbelievable
288,wit
289,us
290,ð
291,denies
292,b
293,cleaned
294,increase
295,advanced
296,book
297,censorship
298,logo
299,jumped
300,christmas
301,item
302,whatsapp
303,splendid
304,october
305,surprise
306,night
307,animation
308,beginning
309,program
310,develop
311,fewer
312,woke
313,slip
314,key
315,outrageous
316,dissapears
317,adjust
318,ability
319,generated
320,pitch
321,verify
322,lift
323,duplicate
324,wondering
325,everytime
326,shot
327,reference
328,uninstal
329,recurring
330,musik
331,limitation
332,intention
333,fb
334,previously
335,messy
336,reminds
337,profitable
338,stupidity
339,finished
340,updating
341,call
342,another
343,adore
344,resulted
345,gradually
346,indeed
347,hang
348,ff
349,goodbye
350,putted
351,pleasure
352,ie
353,â¹ï
354,important
355,lite
356,beyond
357,evening
358,screwed
359,lowering
360,passed
361,least
362,songsit
363,essentially
364,otherwise
365,one
366,solo
367,press
368,interrupt
369,unavailable
370,beware
371,lg
372,what
373,young
374,door
375,songpodcast
376,annoyance
377,letting
378,customizable
379,my
380,loaded
381,deducted
382,cross
383,sorry
384,alarm
385,entered
386,bothering
387,combined
388,ethical
389,rogans
390,living
391,la
392,momentarily
393,inferior
394,mess
395,chance
396,uk
397,useable
398,neither
399,pc
400,unsubscribed
401,replace
402,resso
403,lazy
404,aa
405,telugu
406,totaly
407,regarding
408,indie
409,mute
410,excessive
411,ratio
412,lot
413,waiting
414,war
415,jesus
416,reset
417,show
418,curated
419,sometime
420,nope
421,ux
422,transferring
423,fail
424,catch
425,popular
426,jre
427,luck
428,âââ
429,annoying
430,ve
431,meant
432,hardcore
433,respond
434,chinese
435,limit
436,expect
437,brilliant
438,highlighted
439,straightforward
440,fundamental
441,mark
442,uninstallreinstall
443,migrated
444,prior
445,appear
446,butter
447,mate
448,putting
449,gripe
450,reliability
451,stereo
452,def
453,outside
454,audiobooks
455,cancel
456,queue
457,student
458,eng
459,displayed
460,posted
461,fix
462,refreshing
463,hundred
464,okay
465,vanishes
466,eats
467,somthing
468,high
469,regard
470,dish
471,apple
472,jio
473,movie
474,functional
475,silly
476,writing
477,resolved
478,released
479,although
480,glorious
481,comedy
482,agenda
483,flow
484,requiring
485,loyal
486,started
487,primary
488,special
489,comparable
490,solid
491,juice
492,pausing
493,carry
494,noticeable
495,thee
496,present
497,suffering
498,backward
499,saving
500,tends
501,comment
502,combine
503,stupid
504,expanded
505,bud
506,um
507,loop
508,surprised
509,not
510,tp
511,spotifyit
512,ost
513,fire
514,companion
515,hence
516,billing
517,tonight
518,whether
519,fine
520,provide
521,someday
522,listening
523,cause
524,terribly
525,edm
526,disturbance
527,aid
528,temper
529,have
530,decrease
531,advise
532,structure
533,really
534,this
535,jack
536,lay
537,riding
538,vibing
539,tiktok
540,podcasters
541,dose
542,bot
543,pleasing
544,understands
545,any
546,prepared
547,chilling
548,canceled
549,spoke
550,cook
551,gained
552,slows
553,jamming
554,white
555,popup
556,parent
557,extremely
558,loving
559,picking
560,these
561,your
562,wherein
563,mastercard
564,af
565,oops
566,flexibility
567,perk
568,kill
569,many
570,stance
571,insist
572,punjabi
573,dosent
574,difference
575,month
576,section
577,shame
578,whoever
579,consecutively
580,political
581,toooo
582,laptop
583,definition
584,myriad
585,run
586,adv
587,paywall
588,bother
589,mind
590,met
591,illegal
592,improved
593,legal
594,musicsongs
595,wonky
596,promised
597,happiness
598,spread
599,entertainment
600,happening
601,seriously
602,too
603,pending
604,here
605,andor
606,informed
607,cheer
608,description
609,pairing
610,awhile
611,sort
612,bar
613,downer
614,brutal
615,disgrace
616,often
617,expectation
618,permission
619,built
620,purchased
621,nut
622,buffering
623,mitchell
624,full
625,favs
626,contains
627,ipod
628,motorcycle
629,by
630,rip
631,membership
632,freaking
633,consideration
634,na
635,interfering
636,par
637,mostly
638,gospel
639,broke
640,ai
641,comparing
642,forum
643,dropdown
644,despite
645,amount
646,experienced
647,bow
648,convert
649,radio
650,useing
651,broadcast
652,visual
653,crashed
654,still
655,resume
656,powerful
657,selecting
658,moreover
659,insert
660,india
661,nyc
662,rediculous
663,billed
664,dig
665,host
666,subtitle
667,hub
668,turning
669,you
670,source
671,exceptional
672,anyone
673,hip
674,halfway
675,homework
676,optimised
677,organizing
678,singular
679,hop
680,low
681,obsolete
682,maybe
683,also
684,redownload
685,sight
686,yk
687,ðÿš
688,relevant
689,unfortunately
690,ke
691,different
692,negative
693,everyone
694,bad
695,personal
696,planning
697,passing
698,pricey
699,aspect
700,further
701,whole
702,core
703,mentally
704,pile
705,feed
706,replacement
707,talking
708,cutting
709,lovely
710,fade
711,catalogue
712,mei
713,piano
714,tag
715,ceo
716,impressed
717,payed
718,significantly
719,gen
720,faulty
721,reopened
722,consume
723,advertised
724,reboots
725,te
726,variety
727,neutral
728,disruptive
729,they
730,inexpensive
731,crisp
732,struggle
733,syncing
734,golden
735,speaks
736,balance
737,seven
738,second
739,dissatisfied
740,consent
741,thoroughly
742,confirm
743,calm
744,swipe
745,password
746,instal
747,overly
748,jazz
749,ik
750,others
751,smoother
752,desktop
753,seemingly
754,tool
755,bruh
756,stand
757,mistake
758,holy
759,prompt
760,jimin
761,hiccup
762,appreciated
763,office
764,ha
765,consumes
766,directly
767,output
768,ðÿðÿž
769,load
770,ðÿ²
771,activated
772,sang
773,manually
774,rock
775,drastically
776,charged
777,drag
778,husband
779,social
780,joke
781,necessarily
782,fing
783,technically
784,understood
785,once
786,handful
787,individual
788,tough
789,diverse
790,hobby
791,car
792,beauty
793,bank
794,length
795,id
796,placement
797,unliking
798,chore
799,pink
800,kid
801,ultra
802,misinformation
803,wider
804,jo
805,suffle
806,sell
807,lover
808,fingertip
809,next
810,practically
811,fell
812,grateful
813,following
814,acting
815,guaranteed
816,metal
817,blatant
818,redownloading
819,uploading
820,managed
821,slightly
822,louder
823,removal
824,weak
825,staff
826,poco
827,dancing
828,communicate
829,struggling
830,steaming
831,seemless
832,hire
833,noticing
834,messing
835,tiresome
836,period
837,optimize
838,afraid
839,om
840,valid
841,star
842,market
843,understanding
844,listning
845,been
846,talk
847,f
848,shortly
849,dolby
850,misleading
851,cheaper
852,ita
853,lacking
854,tier
855,speaker
856,speak
857,surely
858,purpose
859,skippause
860,censor
861,thier
862,asked
863,delivers
864,cloud
865,auto
866,h
867,heard
868,require
869,affordable
870,gig
871,scrolling
872,deserved
873,amazon
874,intermittent
875,imaginable
876,sooner
877,valuable
878,hd
879,language
880,hq
881,bully
882,much
883,yo
884,randomly
885,cell
886,regularly
887,thnx
888,greedy
889,spotifiy
890,hi
891,anyways
892,term
893,invest
894,optimized
895,walking
896,breaker
897,unlike
898,jumping
899,unfair
900,ugh
901,paired
902,smth
903,umm
904,both
905,decreased
906,sadly
907,t
908,manual
909,musici
910,optimization
911,overrated
912,bothered
913,reccomends
914,lil
915,exiting
916,attempted
917,specially
918,lengthy
919,guest
920,educational
921,say
922,atm
923,factor
924,conversation
925,platform
926,far
927,clear
928,wired
929,encountered
930,easier
931,ticked
932,called
933,pro
934,send
935,brain
936,songðÿ
937,sweet
938,expecting
939,constantly
940,lisa
941,faster
942,songspodcasts
943,location
944,reality
945,usless
946,profit
947,speach
948,insted
949,aps
950,cu
951,revenue
952,offering
953,korean
954,wow
955,sat
956,unauthorized
957,closed
958,fair
959,test
960,reverting
961,dl
962,improve
963,push
964,distracted
965,something
966,decided
967,somehow
968,endure
969,lifetime
970,bbc
971,progress
972,ten
973,force
974,shove
975,kudos
976,thrown
977,exchange
978,podcasts
979,appreciate
980,queued
981,ðÿª
982,west
983,contract
984,local
985,shady
986,playback
987,horror
988,singing
989,question
990,upset
991,gaana
992,curve
993,accept
994,audio
995,unshuffle
996,notifying
997,gold
998,fold
999,listens
1000,providing
1001,bollywood
1002,uiux
1003,undownloading
1004,unlocking
1005,rb
1006,reasonable
1007,minimal
1008,selected
1009,romanized
1010,install
1011,telling
1012,female
1013,exposed
1014,water
1015,relentless
1016,praise
1017,thanku
1018,sake
1019,part
1020,looking
1021,hoping
1022,hmm
1023,all
1024,trail
1025,refund
1026,modern
1027,habit
1028,presented
1029,reporting
1030,plug
1031,flac
1032,verry
1033,minimized
1034,sends
1035,performs
1036,blue
1037,absolute
1038,stood
1039,band
1040,fee
1041,advertisement
1042,realy
1043,happen
1044,adequate
1045,saver
1046,integrates
1047,discovering
1048,function
1049,verified
1050,search
1051,willing
1052,âïâï
1053,standard
1054,then
1055,spammed
1056,appðÿðÿ
1057,every
1058,child
1059,resolution
1060,idiotic
1061,possibility
1062,thia
1063,request
1064,colour
1065,rectified
1066,activity
1067,aggressive
1068,tq
1069,cellphone
1070,clock
1071,r
1072,distortion
1073,religious
1074,christ
1075,afterwards
1076,rich
1077,extra
1078,font
1079,itðÿðÿ
1080,tad
1081,start
1082,enable
1083,timer
1084,chart
1085,irritating
1086,layout
1087,se
1088,quality
1089,gigabyte
1090,board
1091,story
1092,buggier
1093,opt
1094,beautiful
1095,ðÿžðÿžðÿž
1096,usual
1097,playin
1098,use
1099,till
1100,begging
1101,troublesome
1102,percentage
1103,art
1104,research
1105,intuitive
1106,paying
1107,crashing
1108,designed
1109,sluggish
1110,soundcloud
1111,mbps
1112,faced
1113,tapped
1114,ya
1115,returning
1116,room
1117,fitness
1118,seamlessly
1119,gap
1120,neil
1121,forgetting
1122,tf
1123,little
1124,saavn
1125,fighting
1126,amazed
1127,customization
1128,ðÿžðÿž
1129,prove
1130,kick
1131,startup
1132,compilation
1133,musixmatch
1134,vaccine
1135,fluid
1136,xd
1137,credit
1138,cheap
1139,app
1140,addressed
1141,viewing
1142,despise
1143,yeah
1144,generic
1145,unfortunate
1146,ðÿâï
1147,finally
1148,yourself
1149,remembers
1150,obnoxious
1151,flexible
1152,behind
1153,liked
1154,boycott
1155,indicate
1156,alright
1157,model
1158,minimum
1159,involved
1160,state
1161,moving
1162,locking
1163,recent
1164,ignoring
1165,whatsoever
1166,honesty
1167,alphabetically
1168,audience
1169,wheel
1170,chill
1171,versa
1172,usefull
1173,terminate
1174,affect
1175,shocked
1176,gone
1177,advance
1178,navigating
1179,microphone
1180,plane
1181,opportunity
1182,monthly
1183,witch
1184,unbelievably
1185,requesting
1186,ðÿi
1187,unnecessary
1188,leave
1189,pas
1190,two
1191,previewing
1192,familiar
1193,new
1194,ðÿž
1195,skipping
1196,again
1197,explain
1198,installed
1199,popularity
1200,wanted
1201,unique
1202,evil
1203,block
1204,appears
1205,ground
1206,fe
1207,reorder
1208,recognize
1209,longest
1210,written
1211,swiping
1212,filter
1213,tune
1214,replay
1215,dissapointed
1216,ahold
1217,username
1218,brother
1219,anymore
1220,dollar
1221,unskippable
1222,worried
1223,annoy
1224,condition
1225,task
1226,additional
1227,tiring
1228,ðÿšðÿ
1229,flight
1230,aap
1231,cherry
1232,extent
1233,curate
1234,therapy
1235,infuriating
1236,age
1237,journey
1238,finest
1239,general
1240,underrated
1241,beast
1242,midway
1243,couple
1244,changing
1245,caving
1246,extreme
1247,rebooted
1248,apk
1249,unlimited
1250,advice
1251,uninstaller
1252,plain
1253,delivered
1254,ofline
1255,fails
1256,content
1257,deliver
1258,connects
1259,text
1260,super
1261,slow
1262,itðÿ
1263,essential
1264,window
1265,bundle
1266,deezer
1267,figured
1268,dissapear
1269,forcibly
1270,missed
1271,utilize
1272,hacking
1273,simultaneously
1274,sheer
1275,malfunction
1276,thr
1277,otp
1278,ignores
1279,collaborative
1280,depends
1281,cast
1282,view
1283,scroll
1284,based
1285,make
1286,enhanced
1287,innovative
1288,beautifully
1289,basis
1290,them
1291,itunes
1292,v
1293,girl
1294,nicer
1295,handed
1296,december
1297,added
1298,reliably
1299,management
1300,racist
1301,trouble
1302,begun
1303,top
1304,wide
1305,appits
1306,truck
1307,handsfree
1308,cycle
1309,playlist
1310,date
1311,pleasant
1312,tendency
1313,truly
1314,about
1315,recognise
1316,tedious
1317,checking
1318,irritates
1319,amazingðÿ
1320,bored
1321,spotify
1322,because
1323,forever
1324,client
1325,taking
1326,addict
1327,battery
1328,dissapearing
1329,eq
1330,increased
1331,set
1332,yesterday
1333,lead
1334,ffs
1335,yours
1336,ðÿžðÿ
1337,destroying
1338,tone
1339,upi
1340,stuck
1341,prompted
1342,alt
1343,beat
1344,bull
1345,behaviour
1346,particular
1347,tell
1348,code
1349,whenever
1350,multiple
1351,attention
1352,eventhough
1353,sequence
1354,feeling
1355,attempting
1356,preview
1357,seamless
1358,odd
1359,manages
1360,refreshed
1361,disaster
1362,good
1363,interesting
1364,unsure
1365,bt
1366,produced
1367,harry
1368,contemporary
1369,delivery
1370,ups
1371,dumbest
1372,kpop
1373,mac
1374,hold
1375,power
1376,killer
1377,favorite
1378,invite
1379,smartphone
1380,device
1381,unexpected
1382,skipped
1383,absolutly
1384,felt
1385,sir
1386,income
1387,disappointing
1388,behavior
1389,realize
1390,furthermore
1391,disappoints
1392,wise
1393,system
1394,prevent
1395,boring
1396,locate
1397,exact
1398,considering
1399,volume
1400,controll
1401,write
1402,staying
1403,submit
1404,additionally
1405,decade
1406,independently
1407,love
1408,techno
1409,desperately
1410,advantage
1411,sold
1412,award
1413,unrelated
1414,rid
1415,prompting
1416,ly
1417,do
1418,pathetic
1419,ðÿðÿðÿðÿðÿ
1420,wherever
1421,ðÿðÿðÿðÿðÿðÿ
1422,alex
1423,soothing
1424,invisible
1425,workout
1426,bye
1427,apps
1428,to
1429,appðÿ
1430,visa
1431,international
1432,beside
1433,greed
1434,antivax
1435,buying
1436,number
1437,insane
1438,contacting
1439,within
1440,firmware
1441,subscribe
1442,cluttered
1443,musicit
1444,ðÿœ
1445,tidal
1446,completed
1447,remained
1448,knew
1449,move
1450,x
1451,mad
1452,symbol
1453,huawei
1454,at
1455,browse
1456,phone
1457,way
1458,across
1459,ignored
1460,clip
1461,rupay
1462,ðÿžµ
1463,translate
1464,disables
1465,affected
1466,ant
1467,occur
1468,nerve
1469,tv
1470,history
1471,nuisance
1472,french
1473,think
1474,injoy
1475,travelling
1476,same
1477,control
1478,netflix
1479,temporary
1480,handle
1481,compatible
1482,sister
1483,former
1484,allow
1485,may
1486,february
1487,diffrent
1488,intend
1489,satisfying
1490,offensive
1491,acc
1492,previous
1493,back
1494,bluetooth
1495,disconnected
1496,wear
1497,easytouse
1498,scrub
1499,like
1500,somewhere
1501,dowloaded
1502,stated
1503,interest
1504,frozen
1505,musician
1506,endless
1507,era
1508,evry
1509,hour
1510,outstanding
1511,whatnot
1512,recomended
1513,restarted
1514,desire
1515,money
1516,priced
1517,seem
1518,air
1519,bothersome
1520,looping
1521,having
1522,charge
1523,data
1524,subscribing
1525,change
1526,past
1527,percent
1528,fr
1529,peacefully
1530,yt
1531,googled
1532,marketing
1533,edit
1534,existent
1535,fast
1536,confused
1537,thrilled
1538,joox
1539,seldom
1540,overall
1541,simply
1542,tiny
1543,buddy
1544,create
1545,newly
1546,absolutely
1547,developing
1548,restarting
1549,required
1550,development
1551,alexa
1552,string
1553,throw
1554,switched
1555,ng
1556,removing
1557,happened
1558,sorted
1559,virtually
1560,depressed
1561,always
1562,net
1563,popped
1564,cellular
1565,no
1566,import
1567,quantity
1568,visuals
1569,u
1570,sing
1571,supported
1572,fond
1573,driver
1574,primium
1575,restriction
1576,energy
1577,xiaomi
1578,forgets
1579,however
1580,impressive
1581,pirate
1582,wack
1583,video
1584,playpause
1585,display
1586,fastforward
1587,physically
1588,yearly
1589,lying
1590,perfection
1591,idea
1592,manager
1593,crushing
1594,d
1595,optional
1596,rearrange
1597,apparently
1598,erased
1599,relate
1600,attempt
1601,coverage
1602,self
1603,p
1604,dropping
1605,âï
1606,penny
1607,less
1608,consumer
1609,absurd
1610,repurchase
1611,accepting
1612,comparison
1613,she
1614,regain
1615,baliyan
1616,amongst
1617,external
1618,kind
1619,happier
1620,ran
1621,forgotten
1622,before
1623,episode
1624,element
1625,introduce
1626,unintuitive
1627,preventing
1628,kindly
1629,deserve
1630,unsatisfied
1631,depression
1632,voice
1633,wrap
1634,launched
1635,trash
1636,storage
1637,audible
1638,âºïðÿ
1639,beach
1640,troubleshoot
1641,trap
1642,requirement
1643,dual
1644,station
1645,ðÿÿ
1646,ear
1647,deletes
1648,horrendous
1649,ipad
1650,skippable
1651,swift
1652,con
1653,ed
1654,ciao
1655,enhancing
1656,expand
1657,raise
1658,logging
1659,paid
1660,recommended
1661,interruption
1662,price
1663,responsive
1664,skipable
1665,spotty
1666,tracking
1667,corrected
1668,constant
1669,individually
1670,dislike
1671,musical
1672,atrocious
1673,stoping
1674,dismissed
1675,obviously
1676,somebody
1677,massively
1678,certain
1679,near
1680,exists
1681,followed
1682,hot
1683,forget
1684,podcasting
1685,c
1686,shoot
1687,installation
1688,assist
1689,watching
1690,politics
1691,tab
1692,learned
1693,primarily
1694,lagging
1695,rethink
1696,worrying
1697,bro
1698,forwarding
1699,expression
1700,interfere
1701,status
1702,him
1703,appyou
1704,haha
1705,politically
1706,deadly
1707,dear
1708,confuse
1709,sped
1710,competitor
1711,versus
1712,benefit
1713,collection
1714,version
1715,brand
1716,savage
1717,tryna
1718,frustration
1719,pandora
1720,logged
1721,sub
1722,suggests
1723,stutter
1724,potential
1725,bless
1726,front
1727,rotation
1728,aware
1729,ne
1730,hat
1731,software
1732,dissapointing
1733,bare
1734,pulling
1735,corrupt
1736,supposed
1737,large
1738,initial
1739,bhi
1740,subscriber
1741,ring
1742,adsand
1743,payer
1744,brought
1745,shortcut
1746,seemed
1747,flag
1748,monitor
1749,unreliable
1750,either
1751,death
1752,exit
1753,come
1754,continuous
1755,horribly
1756,nonetheless
1757,report
1758,sm
1759,cater
1760,nonfunctional
1761,yah
1762,podcats
1763,oh
1764,project
1765,feel
1766,inbetween
1767,elsewhere
1768,snippet
1769,appthe
1770,andriod
1771,supposedly
1772,failed
1773,unpleasant
1774,if
1775,commute
1776,said
1777,chosen
1778,corner
1779,bummed
1780,earphone
1781,possible
1782,material
1783,hulu
1784,inception
1785,instead
1786,sounding
1787,secondly
1788,fedup
1789,physical
1790,decision
1791,niche
1792,needing
1793,landscape
1794,ok
1795,urge
1796,blend
1797,yet
1798,came
1799,talked
1800,needed
1801,friendly
1802,minute
1803,machine
1804,unwanted
1805,named
1806,current
1807,careful
1808,similar
1809,dangerous
1810,must
1811,downside
1812,commitment
1813,tax
1814,custom
1815,lord
1816,form
1817,ab
1818,ago
1819,rare
1820,xl
1821,button
1822,renewing
1823,cup
1824,homescreen
1825,featured
1826,able
1827,manner
1828,anytime
1829,tym
1830,never
1831,bright
1832,patch
1833,timestamp
1834,outright
1835,realizing
1836,week
1837,songmusic
1838,activate
1839,touch
1840,try
1841,busted
1842,ex
1843,shower
1844,early
1845,thanks
1846,offline
1847,july
1848,tomorrow
1849,ðÿââï
1850,piece
1851,green
1852,sudden
1853,mod
1854,option
1855,reconnect
1856,stored
1857,follower
1858,backwards
1859,alway
1860,infinity
1861,notch
1862,due
1863,improving
1864,enjoys
1865,amazing
1866,time
1867,world
1868,restored
1869,g
1870,entering
1871,earlier
1872,realized
1873,allowed
1874,disturb
1875,tap
1876,title
1877,english
1878,fired
1879,stream
1880,concentrate
1881,showing
1882,bummer
1883,judge
1884,disappoint
1885,optimal
1886,first
1887,remembering
1888,lately
1889,creepy
1890,reliable
1891,confusing
1892,nonpremium
1893,unresponsive
1894,persistent
1895,criticism
1896,site
1897,cared
1898,spoil
1899,cache
1900,lag
1901,flawlessly
1902,sooo
1903,exclusive
1904,raised
1905,co
1906,destroy
1907,provides
1908,acces
1909,copy
1910,foolish
1911,unnecessarily
1912,remain
1913,ranging
1914,dump
1915,east
1916,hanging
1917,nd
1918,fairly
1919,remains
1920,pre
1921,burning
1922,house
1923,male
1924,ui
1925,somewhat
1926,punk
1927,finishing
1928,reopen
1929,irritated
1930,toggle
1931,yknow
1932,are
1933,christian
1934,redownloaded
1935,displaying
1936,easily
1937,suit
1938,buffer
1939,whatever
1940,recomendations
1941,immediate
1942,command
1943,sucked
1944,the
1945,camera
1946,ðÿðÿðÿðÿ
1947,allways
1948,programmed
1949,factory
1950,corporate
1951,listen
1952,reinstalled
1953,compare
1954,place
1955,propaganda
1956,advertisment
1957,popping
1958,get
1959,wil
1960,slap
1961,down
1962,look
1963,focusing
1964,black
1965,multitude
1966,depending
1967,suggest
1968,likely
1969,unuseable
1970,pakistan
1971,ashamed
1972,introducing
1973,actually
1974,approved
1975,clumsy
1976,info
1977,weirdly
1978,when
1979,dissappear
1980,mai
1981,restart
1982,return
1983,cumbersome
1984,camping
1985,occasion
1986,romantic
1987,turn
1988,counted
1989,relationship
1990,soo
1991,address
1992,spectrum
1993,feature
1994,overlay
1995,exception
1996,linked
1997,thay
1998,hindi
1999,so
2000,chand
2001,appeared
2002,improves
2003,american
2004,image
2005,small
2006,linking
2007,reinstated
2008,awkward
2009,relaxation
2010,thin
2011,unable
2012,flawless
2013,behaves
2014,meeting
2015,thinking
2016,stats
2017,responsible
2018,k
2019,harder
2020,luckily
2021,actively
2022,deprecated
2023,industry
2024,upcoming
2025,hand
2026,fun
2027,stuff
2028,ek
2029,dy
2030,lane
2031,editing
2032,regardless
2033,garbage
2034,joining
2035,developed
2036,fly
2037,fk
2038,gosh
2039,gana
2040,disappearing
2041,closing
2042,upsetting
2043,leaf
2044,without
2045,highlight
2046,pain
2047,counting
2048,depend
2049,wa
2050,undownload
2051,congratulation
2052,remixes
2053,helpful
2054,character
2055,science
2056,grew
2057,discography
2058,obscure
2059,name
2060,whereas
2061,background
2062,loved
2063,destroyed
2064,list
2065,frankly
2066,pixel
2067,family
2068,recently
2069,angry
2070,whilst
2071,stunning
2072,removed
2073,cute
2074,extended
2075,delight
2076,declined
2077,audiomack
2078,upgrading
2079,available
2080,untill
2081,interaction
2082,graphic
2083,prblm
2084,pick
2085,nah
2086,slight
2087,iphones
2088,fir
2089,common
2090,specific
2091,draw
2092,incredible
2093,listing
2094,controversy
2095,looked
2096,desperate
2097,forcefully
2098,backed
2099,separated
2100,worthy
2101,weird
2102,ram
2103,positive
2104,al
2105,reopening
2106,unethical
2107,musicpodcast
2108,suggesting
2109,glitched
2110,piss
2111,ethic
2112,depth
2113,deleted
2114,vice
2115,concept
2116,ending
2117,spinning
2118,sfe
2119,guarantee
2120,eye
2121,though
2122,playable
2123,created
2124,plagued
2125,incredibly
2126,service
2127,saying
2128,appso
2129,warning
2130,doubt
2131,pp
2132,generates
2133,of
2134,accidentally
2135,advertising
2136,th
2137,south
2138,surprisingly
2139,bout
2140,stoped
2141,unlocked
2142,problem
2143,diversity
2144,morning
2145,job
2146,stopping
2147,professional
2148,installing
2149,trust
2150,appbut
2151,split
2152,targeted
2153,shade
2154,enormous
2155,online
2156,resuming
2157,free
2158,greatest
2159,glitch
2160,true
2161,realised
2162,burn
2163,laggy
2164,boot
2165,canvas
2166,quicker
2167,persists
2168,donât
2169,programming
2170,strongly
2171,awesome
2172,rating
2173,starting
2174,nine
2175,blocking
2176,original
2177,occasional
2178,itand
2179,artest
2180,âïðÿ
2181,premuim
2182,appit
2183,stressful
2184,annoys
2185,threw
2186,hoped
2187,savan
2188,forgot
2189,charging
2190,pissed
2191,support
2192,straw
2193,creation
2194,decides
2195,dj
2196,huh
2197,joined
2198,setup
2199,studying
2200,detect
2201,searched
2202,produce
2203,earbuds
2204,challenge
2205,dead
2206,legit
2207,thru
2208,march
2209,know
2210,application
2211,repetitive
2212,experience
2213,tested
2214,sentence
2215,promoting
2216,verge
2217,pressed
2218,thingy
2219,clicking
2220,charm
2221,songsmusic
2222,figuring
2223,hr
2224,junk
2225,sec
2226,freedom
2227,tablet
2228,finger
2229,utter
2230,inspite
2231,addicted
2232,iffy
2233,noting
2234,hidden
2235,horrible
2236,bit
2237,updated
2238,spamming
2239,ahead
2240,buggy
2241,jam
2242,integrated
2243,department
2244,gain
2245,food
2246,cancelling
2247,tin
2248,qobuz
2249,tryed
2250,heck
2251,apart
2252,restarts
2253,j
2254,become
2255,grabbing
2256,ad
2257,matching
2258,showed
2259,lmao
2260,marvelous
2261,fantasy
2262,normally
2263,disturbing
2264,ever
2265,me
2266,enjoying
2267,suggested
2268,security
2269,dnt
2270,belong
2271,african
2272,nonstop
2273,extend
2274,crystal
2275,explored
2276,radar
2277,over
2278,wireless
2279,appp
2280,personalized
2281,etc
2282,confirmed
2283,mexico
2284,throat
2285,treated
2286,bass
2287,mechanism
2288,bugged
2289,flat
2290,be
2291,idc
2292,childhood
2293,file
2294,array
2295,traveling
2296,script
2297,saw
2298,âºïâºï
2299,where
2300,thankfully
2301,loss
2302,miserable
2303,anywhere
2304,amateur
2305,inconsistent
2306,spotifyspotify
2307,selects
2308,twice
2309,decent
2310,side
2311,vast
2312,truthful
2313,hosting
2314,towards
2315,magically
2316,release
2317,told
2318,upload
2319,earn
2320,pissing
2321,nevertheless
2322,genius
2323,lisen
2324,redundant
2325,attract
2326,deny
2327,duo
2328,operate
2329,someone
2330,pin
2331,listener
2332,reccomended
2333,resorted
2334,z
2335,fc
2336,awake
2337,wedding
2338,imagine
2339,periodically
2340,disgusted
2341,repeatedly
2342,entirely
2343,younger
2344,rolled
2345,cake
2346,difficult
2347,aesthetic
2348,exploration
2349,amendment
2350,recommend
2351,cmon
2352,circle
2353,restore
2354,moto
2355,typing
2356,answer
2357,build
2358,covid
2359,aka
2360,quiet
2361,stopped
2362,how
2363,inserted
2364,suck
2365,superior
2366,playstore
2367,relatively
2368,understandable
2369,sole
2370,gem
2371,broken
2372,headphone
2373,m
2374,censored
2375,happily
2376,double
2377,blow
2378,artist
2379,military
2380,pet
2381,repeated
2382,making
2383,uninterupted
2384,promotion
2385,blessed
2386,wrost
2387,information
2388,anger
2389,smart
2390,annoyed
2391,fixing
2392,red
2393,yea
2394,lawsuit
2395,act
2396,shorter
2397,canadian
2398,opera
2399,ðððð
2400,relax
2401,fall
2402,server
2403,un
2404,trend
2405,consistently
2406,sportify
2407,accepted
2408,introduces
2409,console
2410,adhd
2411,patient
2412,favor
2413,meditation
2414,suddenly
2415,stressing
2416,everywhere
2417,ridiculous
2418,deep
2419,adsðÿ
2420,respect
2421,crack
2422,note
2423,boo
2424,duration
2425,disconnect
2426,am
2427,ended
2428,proud
2429,podcaster
2430,automaticly
2431,since
2432,advertisments
2433,mediocre
2434,offered
2435,fave
2436,kicked
2437,musicpodcasts
2438,overnight
2439,lowest
2440,apr
2441,kenwood
2442,drawing
2443,please
2444,tube
2445,well
2446,scan
2447,rap
2448,launching
2449,âïâïâï
2450,wth
2451,afternoon
2452,busy
2453,yr
2454,tactic
2455,sharing
2456,defeat
2457,walk
2458,iti
2459,remind
2460,unmatched
2461,desirable
2462,buck
2463,heap
2464,songsso
2465,damn
2466,can
2467,subscription
2468,exploring
2469,ridiculously
2470,hiding
2471,bts
2472,random
2473,learns
2474,creating
2475,wink
2476,notifs
2477,advertise
2478,downgrade
2479,everyday
2480,âââââ
2481,nearly
2482,basically
2483,mysic
2484,asking
2485,ðÿœÿ
2486,working
2487,extensive
2488,unhelpful
2489,five
2490,universal
2491,eventually
2492,apply
2493,fkn
2494,pricing
2495,que
2496,prev
2497,programmer
2498,hide
2499,popups
2500,email
2501,cave
2502,dance
2503,maintain
2504,reappear
2505,took
2506,til
2507,sad
2508,reminder
2509,mental
2510,huge
2511,seeking
2512,gui
2513,soul
2514,losing
2515,sitting
2516,light
2517,premier
2518,blackpink
2519,customized
2520,army
2521,fat
2522,ringtone
2523,appearing
2524,screen
2525,tailor
2526,bros
2527,wen
2528,placed
2529,instantly
2530,caved
2531,ââââ
2532,shuts
2533,account
2534,nowhere
2535,shite
2536,topic
2537,normal
2538,hack
2539,monopoly
2540,usa
2541,gb
2542,meh
2543,tooth
2544,blast
2545,therefore
2546,crime
2547,darn
2548,gas
2549,such
2550,complain
2551,train
2552,grade
2553,steal
2554,escape
2555,longtime
2556,plugged
2557,i
2558,driving
2559,speech
2560,sorting
2561,now
2562,cracked
2563,need
2564,curating
2565,some
2566,thw
2567,dog
2568,randomized
2569,failure
2570,soft
2571,glitching
2572,safety
2573,majority
2574,thus
2575,card
2576,suggestion
2577,alone
2578,dull
2579,a
2580,satisfied
2581,stable
2582,turned
2583,mixing
2584,stucks
2585,cooking
2586,non
2587,iheart
2588,continously
2589,believe
2590,higher
2591,flaw
2592,hopeless
2593,reviewer
2594,oldest
2595,clarity
2596,extraordinary
2597,end
2598,pod
2599,person
2600,annoyingly
2601,dis
2602,facility
2603,infact
2604,janky
2605,discovery
2606,consumption
2607,entertained
2608,distance
2609,sits
2610,hill
2611,unsubscribing
2612,budget
2613,deal
2614,actual
2615,newest
2616,dev
2617,widget
2618,originally
2619,rewind
2620,modified
2621,size
2622,step
2623,easiest
2624,blown
2625,motivate
2626,cat
2627,tried
2628,liberal
2629,attack
2630,anything
2631,critical
2632,denied
2633,roku
2634,dude
2635,triple
2636,feb
2637,fund
2638,falling
2639,folk
2640,disappointed
2641,occurs
2642,intentionally
2643,continue
2644,navigate
2645,definetly
2646,personally
2647,vary
2648,overwhelming
2649,find
2650,already
2651,exist
2652,embarrassing
2653,addition
2654,avail
2655,anti
2656,spam
2657,heart
2658,wake
2659,unless
2660,close
2661,fancy
2662,reloaded
2663,cleared
2664,right
2665,st
2666,spotfy
2667,massive
2668,worth
2669,official
2670,cz
2671,steady
2672,devs
2673,after
2674,jungkook
2675,cool
2676,_
2677,soon
2678,active
2679,match
2680,ðÿšðÿš
2681,wierd
2682,â¹
2683,promotes
2684,gotten
2685,cut
2686,recommendation
2687,uninstalling
2688,group
2689,course
2690,breakdown
2691,mom
2692,owned
2693,detail
2694,organize
2695,between
2696,promptly
2697,resource
2698,managing
2699,day
2700,setting
2701,declining
2702,minor
2703,fu
2704,slowly
2705,independent
2706,joni
2707,care
2708,secure
2709,clearly
2710,best
2711,link
2712,today
2713,decline
2714,appðÿš
2715,goddamn
2716,adfree
2717,category
2718,shuffle
2719,downloading
2720,ut
2721,youtubes
2722,faves
2723,heavy
2724,fabulous
2725,preference
2726,jvc
2727,emotional
2728,stay
2729,slower
2730,missing
2731,roughly
2732,played
2733,bo
2734,musicand
2735,pushed
2736,besides
2737,connect
2738,quits
2739,god
2740,mainstream
2741,regional
2742,select
2743,thankful
2744,receiving
2745,favorited
2746,welcome
2747,everything
2748,tech
2749,ignore
2750,defend
2751,asinine
2752,wrapped
2753,situation
2754,included
2755,iheartradio
2756,atleast
2757,launch
2758,rebooting
2759,product
2760,preferred
2761,omg
2762,groove
2763,youtube
2764,yay
2765,effect
2766,suffer
2767,genre
2768,hell
2769,catalog
2770,biggest
2771,bliss
2772,million
2773,anybody
2774,japanese
2775,pioneer
2776,navigation
2777,maker
2778,theme
2779,silent
2780,clue
2781,solve
2782,thought
2783,spirit
2784,sponsored
2785,only
2786,completely
2787,react
2788,grip
2789,unistall
2790,recognition
2791,shoving
2792,explore
2793,nightmare
2794,leftist
2795,notify
2796,recomend
2797,equalizer
2798,deleting
2799,described
2800,several
2801,pop
2802,remote
2803,audiobook
2804,ye
2805,reported
2806,ditch
2807,google
2808,relaunch
2809,translated
2810,echo
2811,grate
2812,browsing
2813,africa
2814,established
2815,prob
2816,hiphop
2817,spodify
2818,cd
2819,rendering
2820,wallet
2821,fo
2822,provided
2823,soundtrack
2824,lock
2825,corporation
2826,revert
2827,esp
2828,podcast
2829,interactive
2830,base
2831,database
2832,si
2833,instagram
2834,cancelled
2835,label
2836,with
2837,pay
2838,focus
2839,repeating
2840,sings
2841,hear
2842,suitable
2843,miui
2844,autoplay
2845,disney
2846,worse
2847,brings
2848,year
2849,manage
2850,resolve
2851,epic
2852,meanwhile
2853,technical
2854,existence
2855,join
2856,limited
2857,put
2858,correctly
2859,admit
2860,letter
2861,gym
2862,hit
2863,miniplayer
2864,finish
2865,harmful
2866,musica
2867,ford
2868,autoplays
2869,last
2870,strong
2871,justify
2872,classic
2873,slide
2874,generally
2875,season
2876,bhajans
2877,playstop
2878,avaliable
2879,appâï
2880,supper
2881,pretty
2882,heavily
2883,helping
2884,autoplaying
2885,vacation
2886,go
2887,lastly
2888,disable
2889,moment
2890,intended
2891,throughout
2892,success
2893,spanish
2894,ypu
2895,mine
2896,handy
2897,becuase
2898,cancer
2899,adjustment
2900,stock
2901,serious
2902,sick
2903,bandwidth
2904,alphabetical
2905,opening
2906,related
2907,scratched
2908,associated
2909,add
2910,wonder
2911,creates
2912,refresh
2913,downloaded
2914,cousin
2915,desired
2916,slowed
2917,fyi
2918,edited
2919,thankyou
2920,reggae
2921,none
2922,literal
2923,speed
2924,lack
2925,broad
2926,flip
2927,action
2928,win
2929,mail
2930,sounded
2931,approximately
2932,urgent
2933,continuing
2934,sucking
2935,properly
2936,average
2937,automated
2938,partially
2939,tesla
2940,or
2941,dream
2942,assistant
2943,april
2944,offer
2945,web
2946,share
2947,smaller
2948,picture
2949,below
2950,dashboard
2951,rather
2952,replacing
2953,log
2954,drive
2955,clearing
2956,road
2957,lyric
2958,instance
2959,avid
2960,consistent
2961,greyed
2962,pirating
2963,transition
2964,adding
2965,verity
2966,figure
2967,traditional
2968,thanx
2969,learn
2970,aloud
2971,songit
2972,necessity
2973,life
2974,facebook
2975,more
2976,modify
2977,tha
2978,target
2979,sometimes
2980,advert
2981,timing
2982,gift
2983,failing
2984,opposite
2985,choosing
2986,accident
2987,shutdown
2988,purchase
2989,anime
2990,hook
2991,o
2992,used
2993,excelent
2994,asf
2995,poor
2996,great
2997,prefer
2998,medical
2999,switch
3000,third
3001,joe
3002,thank
3003,plan
3004,up
3005,loud
3006,tutorial
3007,frequent
3008,help
3009,sound
3010,transaction
3011,uncomfortable
3012,certainly
3013,smh
3014,myself
3015,cent
3016,apparent
3017,debating
3018,renew
3019,ðð
3020,row
3021,bed
3022,considerably
3023,begin
3024,fwd
3025,paused
3026,result
3027,integration
3028,signal
3029,amd
3030,recommends
3031,concerned
3032,exceptionally
3033,concern
3034,sim
3035,allowing
3036,iphone
3037,android
3038,pulled
3039,successfully
3040,update
3041,complaint
3042,spending
3043,gross
3044,hole
3045,interference
3046,oneplus
3047,availability
3048,complicated
3049,spotifys
3050,appi
3051,remove
3052,useful
3053,ideal
3054,team
3055,inserting
3056,buy
3057,boom
3058,seeing
3059,unusable
3060,sample
3061,mob
3062,canceling
3063,company
3064,those
3065,upgraded
3066,quitting
3067,disliked
3068,ty
3069,personalization
3070,nonsense
3071,indian
3072,songi
3073,noticed
3074,fox
3075,rated
3076,pack
3077,pita
3078,bloated
3079,stalling
3080,shoved
3081,arranged
3082,spotifybut
3083,type
3084,reason
3085,automatically
3086,iam
3087,loses
3088,creative
3089,bcoz
3090,stability
3091,talent
3092,presentation
3093,recognizing
3094,became
3095,reducing
3096,discount
3097,baby
3098,edition
3099,cuz
3100,package
3101,sporadically
3102,rewinding
3103,behaving
3104,forced
3105,freezing
3106,listed
3107,reshuffle
3108,public
3109,direct
3110,clean
3111,solution
3112,asks
3113,strangely
3114,gaming
3115,frustratingly
3116,arrangement
3117,mcdonalds
3118,pause
3119,focused
3120,rely
3121,refusing
3122,long
3123,lie
3124,pull
3125,whose
3126,incomplete
3127,wanting
3128,fro
3129,worthless
3130,worship
3131,disabling
3132,ta
3133,dosnt
3134,work
3135,for
3136,metadata
3137,racism
3138,verification
3139,humble
3140,complains
3141,reboot
3142,reinstall
3143,glad
3144,provider
3145,saved
3146,mobile
3147,give
3148,helped
3149,range
3150,idle
3151,uninstalledreinstalled
3152,that
3153,complained
3154,total
3155,laughable
3156,visit
3157,ton
3158,n
3159,replaced
3160,xbox
3161,randomize
3162,wrote
3163,stop
3164,empty
3165,feedback
3166,lofi
3167,growing
3168,education
3169,example
3170,hitting
3171,path
3172,disagree
3173,favour
3174,mf
3175,crush
3176,oldie
3177,happens
3178,review
3179,categorized
3180,songsbut
3181,why
3182,wanti
3183,smartwatch
3184,selling
3185,daily
3186,color
3187,asleep
3188,goood
3189,hating
3190,glitchy
3191,understand
3192,w
3193,requested
3194,doing
3195,algorithm
3196,idiot
3197,intermittently
3198,granted
3199,slider
3200,resort
3201,tend
3202,noise
3203,sale
3204,stick
3205,photo
3206,tip
3207,lol
3208,just
3209,probably
3210,save
3211,wait
3212,screw
3213,trashy
3214,forth
3215,leading
3216,badly
3217,opened
3218,ðÿœðÿœ
3219,mp
3220,unknown
3221,bravo
3222,banner
3223,technology
3224,resetting
3225,enhance
3226,âœ
3227,increasingly
3228,blood
3229,befor
3230,bag
3231,insanely
3232,ðÿðÿœ
3233,sane
3234,summer
3235,weekend
3236,menu
3237,roblox
3238,discover
3239,normalization
3240,pushy
3241,folder
3242,ig
3243,touching
3244,bengali
3245,reorganize
3246,filled
3247,cest
3248,spot
3249,playstation
3250,unbearable
3251,covering
3252,everybody
3253,temporarily
3254,maintained
3255,subpar
3256,rough
3257,playpauseskip
3258,drop
3259,interrupting
3260,rude
3261,uptodate
3262,accurate
3263,playtime
3264,enjoyed
3265,retarded
3266,half
3267,barcelona
3268,private
3269,rage
3270,sign
3271,checked
3272,ready
3273,abd
3274,vanishing
3275,silence
3276,remember
3277,lame
3278,exciting
3279,scam
3280,playes
3281,addictive
3282,medium
3283,upto
3284,engine
3285,bonus
3286,officially
3287,mixed
3288,ate
3289,seek
3290,freakin
3291,youth
3292,inside
3293,upgrade
3294,correct
3295,buggiest
3296,uninstalled
3297,min
3298,inactive
3299,magic
3300,customize
3301,uh
3302,superb
3303,november
3304,becoming
3305,error
3306,poorly
3307,maximum
3308,alternative
3309,watch
3310,quite
3311,controlled
3312,ny
3313,almost
3314,upon
3315,mb
3316,satisfaction
3317,thirty
3318,dope
3319,century
3320,sooooo
3321,van
3322,son
3323,creeping
3324,people
3325,grief
3326,coz
3327,interested
3328,streaming
3329,profile
3330,shooting
3331,disappeared
3332,awful
3333,yhe
3334,y
3335,chromebook
3336,america
3337,inconvenience
3338,ph
3339,vibe
3340,opinion
3341,trip
3342,pauseplayskip
3343,compared
3344,deciding
3345,ðÿƒ
3346,downloader
3347,sd
3348,cost
3349,qa
3350,perfectly
3351,playbar
3352,game
3353,locked
3354,head
3355,alot
3356,changer
3357,according
3358,sonos
3359,bam
3360,panel
3361,elite
3362,samsungs
3363,severely
3364,pointless
3365,speaking
3366,songand
3367,girlfriend
3368,outta
3369,routine
3370,curiosity
3371,headset
3372,shut
3373,commercial
3374,existed
3375,aplication
3376,disturbs
3377,inspirational
3378,promote
3379,chrome
3380,existing
3381,designer
3382,redeem
3383,wynk
3384,participate
3385,upper
3386,player
3387,inorder
3388,pure
3389,rain
3390,john
3391,together
3392,cash
3393,completly
3394,appalling
3395,keeping
3396,but
3397,explicit
3398,scrubbing
3399,mean
3400,disabled
3401,out
3402,pls
3403,tempted
3404,anyones
3405,frustrates
3406,scratch
3407,convinced
3408,fantastic
3409,except
3410,tailored
3411,equaliser
3412,moon
3413,foot
3414,national
3415,developer
3416,returned
3417,play
3418,spent
3419,resent
3420,longterm
3421,uninstall
3422,conspiracy
3423,keen
3424,singer
3425,kept
3426,nevermind
3427,memory
3428,appðÿðÿðÿ
3429,weather
3430,dissapeared
3431,upwards
3432,stress
3433,vpn
3434,premium
3435,fully
3436,inappropriate
3437,various
3438,grey
3439,interrupted
3440,mid
3441,done
3442,greater
3443,midsong
3444,could
3445,lower
3446,expensive
3447,seems
3448,cleaning
3449,relaxing
3450,chromecast
3451,fan
3452,awsome
3453,expanding
3454,agree
3455,waking
3456,pauseskip
3457,promise
3458,renewed
3459,continually
3460,chorus
3461,tired
3462,borderline
3463,iqoo
3464,listened
3465,quit
3466,bugging
3467,four
3468,vanished
3469,comfortable
3470,favorable
3471,member
3472,process
3473,usable
3474,sense
3475,ride
3476,viable
3477,samsung
3478,promoted
3479,reduce
3480,breaking
3481,casting
3482,deserves
3483,anoying
3484,environment
3485,anyhow
3486,few
3487,fit
3488,position
3489,want
3490,discovered
3491,varied
3492,ect
3493,identical
3494,hid
3495,ðœ
3496,relief
3497,max
3498,fool
3499,triggered
3500,dumb
3501,everythings
3502,wrong
3503,sponsor
3504,honestly
3505,fav
3506,field
3507,artis
3508,kannada
3509,break
3510,order
3511,eat
3512,disturbed
3513,travel
3514,bill
3515,causing
3516,shared
3517,joy
3518,will
3519,trying
3520,reenter
3521,equivalent
3522,s
3523,freeze
3524,follows
3525,soooo
3526,convenience
3527,wall
3528,reading
3529,vinyl
3530,hate
3531,successful
3532,simplicity
3533,chat
3534,very
3535,songsplaylists
3536,mood
3537,dissappears
3538,mainly
3539,gmail
3540,thi
3541,serf
3542,determine
3543,litsen
3544,shutting
3545,album
3546,peace
3547,notice
3548,bcs
3549,ðÿðÿââï
3550,smoothly
3551,picked
3552,subject
3553,interuptions
3554,three
3555,treating
3556,malfunctioning
3557,earned
3558,real
3559,competition
3560,sirius
3561,hey
3562,newer
3563,sony
3564,reccomendations
3565,reload
3566,consider
3567,hope
3568,karaoke
3569,interupted
3570,lied
3571,nature
3572,enabled
3573,fortunately
3574,bunch
3575,disappears
3576,itself
3577,given
3578,jump
3579,read
3580,playing
3581,da
3582,abruptly
3583,describe
3584,rectify
3585,paypal
3586,through
3587,shazam
3588,happend
3589,interval
3590,partner
3591,gapless
3592,syncs
3593,retrieve
3594,lose
3595,appropriate
3596,workaround
3597,hv
3598,connectivity
3599,lowered
3600,computer
3601,refuse
3602,requires
3603,song
3604,wasting
3605,incompetent
3606,arrow
3607,gesture
3608,reflect
3609,floating
3610,six
3611,signing
3612,contacted
3613,away
3614,hooked
3615,demand
3616,wave
3617,tht
3618,disgusting
3619,icon
3620,in
3621,re
3622,united
3623,sunday
3624,pauseplay
3625,reconsider
3626,finding
3627,wish
3628,continues
3629,napster
3630,bombarded
3631,albumplaylist
3632,we
3633,occasionally
3634,tooo
3635,po
3636,kbps
3637,purely
3638,wifi
3639,score
3640,chaand
3641,solely
3642,crossfade
3643,sit
3644,fullest
3645,trending
3646,en
3647,eclectic
3648,itâs
3649,highest
3650,airtel
3651,shape
3652,exactly
3653,difficulty
3654,toolbar
3655,largest
3656,received
3657,choose
3658,longer
3659,useless
3660,count
3661,suppose
3662,carplay
3663,on
3664,wing
3665,user
3666,sleep
3667,pair
3668,continued
3669,relaxed
3670,ghost
3671,minimize
3672,allows
3673,bestest
3674,releasing
3675,latest
3676,exorbitant
3677,stolen
3678,ruin
3679,wreck
3680,particularly
3681,swear
3682,restricted
3683,thst
3684,delete
3685,along
3686,thing
3687,capable
3688,store
3689,exercise
3690,did
3691,human
3692,implement
3693,boost
3694,perfect
3695,elses
3696,grow
3697,role
3698,highly
3699,message
3700,homepage
3701,owe
3702,supporting
3703,purchasing
3704,vanish
3705,creat
3706,disadvantage
3707,abroad
3708,fastest
3709,costly
3710,copyright
3711,permanently
3712,chose
3713,employee
3714,adult
3715,senior
3716,generation
3717,off
3718,format
3719,which
3720,spend
3721,functioning
3722,confirmation
3723,bought
3724,genuinely
3725,appearance
3726,mode
3727,proper
3728,spontaneously
3729,killed
3730,collaborate
3731,headache
3732,quick
3733,solved
3734,emailed
3735,even
3736,tweak
3737,facing
3738,spreading
3739,unsubscribe
3740,alive
3741,evey
3742,drama
3743,greatbut
3744,painful
3745,point
3746,bloody
3747,mother
3748,digging
3749,relation
3750,regular
3751,straight
3752,include
3753,wonderfull
3754,itit
3755,sum
3756,irritate
3757,internet
3758,earth
3759,e
3760,expected
3761,perhaps
3762,themselves
3763,college
3764,absolutley
3765,nothing
3766,going
3767,register
3768,pocket
3769,tolerable
3770,mi
3771,nicely
3772,freely
3773,ðÿžµðÿž
3774,dad
3775,restricting
3776,own
3777,applying
3778,twitter
3779,initially
3780,follow
3781,began
3782,excited
3783,ther
3784,sleeping
3785,jus
3786,waist
3787,previousnext
3788,communist
3789,worked
3790,value
3791,counter
3792,controlling
3793,jst
3794,messaging
3795,exclude
3796,infinite
3797,accessing
3798,who
3799,centre
3800,priority
3801,ang
3802,tuned
3803,website
3804,had
3805,frustrating
3806,university
3807,sync
3808,mini
3809,goody
3810,channel
3811,got
3812,especially
3813,line
3814,downloadable
3815,tweaking
3816,record
3817,loose
3818,pressing
3819,splash
3820,instant
3821,tolerate
3822,ia
3823,purposely
3824,pausestop
3825,lossless
3826,troubleshooting
3827,highschool
3828,dealt
3829,express
3830,researching
3831,teenager
3832,mention
3833,barely
3834,space
3835,input
3836,butt
3837,riddled
3838,bcz
3839,countless
3840,responsibility
3841,city
3842,honest
3843,phenomenal
3844,planet
3845,anxiety
3846,would
3847,contain
3848,gif
3849,wo
3850,manageable
3851,nearby
3852,unstable
3853,plethora
3854,downloads
3855,currently
3856,sending
3857,shift
3858,fight
3859,soooooo
3860,immediately
3861,effort
3862,news
3863,signed
3864,applied
3865,guessing
3866,frequency
3867,guess
3868,atmos
3869,map
3870,blasting
3871,known
3872,lost
3873,necessary
3874,around
3875,connecting
3876,plss
3877,watched
3878,recording
3879,redmi
3880,definitely
3881,includes
3882,january
3883,prime
3884,exclusively
3885,usage
3886,unlock
3887,accessed
3888,see
3889,ongoing
3890,customise
3891,mr
3892,lisas
3893,knowledge
3894,event
3895,ðÿðÿ
3896,favourite
3897,curious
3898,realise
3899,creator
3900,gray
3901,censoring
3902,discord
3903,terrific
3904,comfort
3905,guy
3906,uninterrupted
3907,live
3908,shoe
3909,blank
3910,unplayed
3911,significant
3912,freemium
3913,switching
3914,premiumi
3915,response
3916,hard
3917,rarely
3918,aux
3919,unacceptable
3920,mandatory
3921,financial
3922,practical
3923,songsðÿ
3924,enjoy
3925,ððð
3926,found
3927,plz
3928,subscribed
3929,intrusive
3930,went
3931,consecutive
3932,plzz
3933,unplayable
3934,taste
3935,selection
3936,should
3937,operating
3938,reminding
3939,download
3940,dozen
3941,skip
3942,ish
3943,appbest
3944,integrity
3945,aswell
3946,becomes
3947,aside
3948,marked
3949,russian
3950,happy
3951,perspective
3952,literally
3953,invasive
3954,were
3955,inapp
3956,basic
3957,scary
3958,bringing
3959,crazy
3960,each
3961,prepaid
3962,worry
3963,searching
3964,zone
3965,taken
3966,strategy
3967,among
3968,receive
3969,accessibility
3970,challenging
3971,martin
3972,health
3973,born
3974,dogshit
3975,bigger
3976,access
3977,streamer
3978,stuttering
3979,privacy
3980,bomb
3981,there
3982,reinstalling
3983,acknowledge
3984,peak
3985,consuming
3986,giving
3987,claim
3988,enter
3989,lf
3990,dot
3991,lesson
3992,kidding
3993,ah
3994,interface
3995,galore
3996,gave
3997,contact
3998,hassle
3999,impression
4000,encourage
4001,coming
4002,resulting
4003,holding
4004,choice
4005,keep
4006,minus
4007,airpods
4008,staring
4009,songsi
4010,sayin
4011,getting
4012,assume
4013,itits
4014,decide
4015,obvious
4016,standing
4017,clunky
4018,bet
4019,musically
4020,spectacular
4021,filtering
4022,ðÿœðÿ
4023,usability
4024,meet
4025,fill
4026,ball
4027,inconvenient
4028,unit
4029,yous
4030,login
4031,stage
4032,scared
4033,definately
4034,drain
4035,reinstalls
4036,rubbish
4037,downhill
4038,customer
4039,fi
4040,big
4041,genuine
4042,simplest
4043,concert
4044,prevents
4045,lessen
4046,disappointment
4047,posting
4048,mix
4049,duh
4050,major
4051,minded
4052,visible
4053,school
4054,cry
4055,hacked
4056,community
4057,rest
4058,fault
4059,refused
4060,dedicated
4061,unpause
4062,bottom
4063,dynamic
4064,eg
4065,method
4066,compensation
4067,library
4068,and
4069,producer
4070,smooth
4071,pretend
4072,airplane
4073,q
4074,melody
4075,ki
4076,default
4077,post
4078,disappear
4079,changed
4080,op
4081,shuffling
4082,comprehensive
4083,experiencing
4084,shittiest
4085,trial
4086,demo
4087,sun
4088,utterly
4089,daughter
4090,entire
4091,possibly
4092,ruined
4093,rapper
4094,ðÿðÿ¼
4095,false
4096,goto
4097,wonderfully
4098,home
4099,reaching
4100,it
4101,other
4102,persist
4103,hav
4104,reduced
4105,automatic
4106,connected
4107,ap
4108,render
4109,connection
4110,flagship
4111,personalised
4112,reviewed
4113,left
4114,waited
4115,gay
4116,ðÿœðÿœðÿœ
4117,attached
4118,fm
4119,universe
4120,rate
4121,rolling
4122,shown
4123,dark
4124,wasted
4125,future
4126,older
4127,redesign
4128,steering
4129,taylor
4130,ngl
4131,reverse
4132,draining
4133,pressure
4134,greatly
4135,liking
4136,compatibility
4137,questionable
4138,weekly
4139,inspired
4140,series
4141,outdated
4142,logout
4143,downfall
4144,problematic
4145,ðÿ³
4146,design
4147,he
4148,grown
4149,spotifyâ
4150,xx
4151,occurred
4152,appart
4153,let
4154,ruining
4155,dust
4156,billie
4157,pleased
4158,area
4159,comercials
4160,luxury
4161,obsessed
4162,io
4163,usually
4164,sent
4165,wich
4166,considered
4167,anyway
4168,raising
4169,funny
4170,reception
4171,clutter
4172,consistency
4173,multi
4174,specifically
4175,pushing
4176,adjusting
4177,notification
4178,safe
4179,policy
4180,leaving
4181,responding
4182,customised
4183,style
4184,famous
4185,cand
4186,informative
4187,degrading
4188,operation
4189,unskipable
4190,numerous
4191,equilizer
4192,covered
4193,man
4194,fresh
4195,direction
4196,mentioned
4197,lesser
4198,bent
4199,instrumental
4200,synced
4201,capability
4202,remotely
4203,limiting
4204,ot
4205,regret
4206,culture
4207,foreign
4208,level
4209,yep
4210,hated
4211,blutooth
4212,ver
4213,case
4214,region
4215,performance
4216,clever
4217,reached
4218,network
4219,practice
4220,personalize
4221,stayed
4222,complete
4223,userfriendly
4224,billion
4225,registered
4226,spotifyi
4227,testing
4228,government
4229,galaxy
4230,mass
4231,blame
4232,internal
4233,wished
4234,recommending
4235,hopefully
4236,wife
4237,walmart
4238,box
4239,upbeat
4240,fixed
4241,horrid
4242,truth
4243,distracting
4244,including
4245,approach
4246,remarkable
4247,dang
4248,convince
4249,overpriced
4250,entertaining
4251,main
4252,accessible
4253,functionality
4254,acceptable
4255,inability
4256,reccomend
4257,lived
4258,controller
4259,frequently
4260,bcuz
4261,visiting
4262,ultimate
4263,ðÿðÿðÿðÿðÿðÿðÿðÿðÿ
4264,dismiss
4265,seen
4266,efficient
4267,emotion
4268,ask
4269,repair
4270,sticking
4271,larger
4272,enough
4273,from
4274,global
4275,vivo
4276,track
4277,forward
4278,reach
4279,appthanks
4280,altogether
4281,choppy
4282,thousand
4283,thumb
4284,dare
4285,glitchier
4286,cracking
4287,endlessly
4288,musicðÿ
4289,motivation
4290,organised
4291,mic
